{
  "papers": [
    {
      "title": "Geoff: The Generic Optimization Framework & Frontend for Particle Accelerator Controls",
      "authors": "Penelope Madysa, Sabrina Appel, Verena Kain, Michael Schenk",
      "venue/journal": "arXiv",
      "year": 2025,
      "url": "http://arxiv.org/abs/2506.03796v3",
      "categories": [
        {
          "label": "Tools & Libraries",
          "score": 1.0
        },
        {
          "label": "Novel Applications",
          "score": 0.5761764049530029
        }
      ],
      "date": "2025-09-16",
      "scores": null
    },
    {
      "title": "Towards Agentic AI on Particle Accelerators",
      "authors": "Antonin Sulc, Thorsten Hellert, Raimund Kammering, Hayden Hoschouer, Jason St. John",
      "venue/journal": "arXiv",
      "year": 2025,
      "url": "http://arxiv.org/abs/2409.06336v4",
      "categories": [
        {
          "label": "Reinforcement Learning & Autonomous Systems",
          "score": 0.5981404781341553
        },
        {
          "label": "Novel Applications",
          "score": 0.589080810546875
        },
        {
          "label": "Tools & Libraries",
          "score": 1.0
        }
      ],
      "date": "2025-09-02",
      "scores": null
    },
    {
      "title": "Acceleration of Multi-Scale LTS Magnet Simulations with Neural Network Surrogate Models",
      "authors": "Louis Denis, Julien Dular, Vincent Nuttens, Mariusz Wozniak, Beno\u00eet Vanderheyden, Christophe Geuzaine",
      "venue/journal": "arXiv",
      "year": 2025,
      "url": "http://arxiv.org/abs/2509.12030v1",
      "categories": [
        {
          "label": "Surrogate Models",
          "score": 1.0
        }
      ],
      "date": "2025-09-15",
      "scores": null
    },
    {
      "title": "Application Of Large Language Models For The Extraction Of Information From Particle Accelerator Technical Documentation",
      "authors": "Qing Dai, Rasmus Ischebeck, Maruisz Sapinski, Adam Grycner",
      "venue/journal": "arXiv",
      "year": 2025,
      "url": "http://arxiv.org/abs/2509.02227v1",
      "categories": [
        {
          "label": "Statistics & Trends",
          "score": 0.39795249700546265
        },
        {
          "label": "Tools & Libraries",
          "score": 0.38388609886169434
        }
      ],
      "date": "2025-09-02",
      "scores": null
    },
    {
      "title": "Towards generalizable deep ptychography neural networks",
      "authors": "Albert Vong, Steven Henke, Oliver Hoidn, Hanna Ruth, Junjing Deng, Alexander Hexemer, Apurva Mehta, Arianna Gleason, Levi Hancock, Nicholas Schwarz",
      "venue/journal": "arXiv",
      "year": 2025,
      "url": "http://arxiv.org/abs/2509.25104v1",
      "categories": [
        {
          "label": "Others",
          "score": 0.0
        }
      ],
      "date": "2025-09-29",
      "scores": null
    },
    {
      "title": "FusionMAE: large-scale pretrained model to optimize and simplify diagnostic and control of fusion plasma",
      "authors": "Zongyu Yang, Zhenghao Yang, Wenjing Tian, Jiyuan Li, Xiang Sun, Guohui Zheng, Songfen Liu, Niannian Wu, Rongpeng Li, Zhaohe Xu, Bo Li, Zhongbing Shi, Zhe Gao, Wei Chen, Xiaoquan Ji, Min Xu, Wulyu Zhong",
      "venue/journal": "arXiv",
      "year": 2025,
      "url": "http://arxiv.org/abs/2509.12945v1",
      "categories": [
        {
          "label": "Novel Applications",
          "score": 0.3564392626285553
        },
        {
          "label": "Data Management",
          "score": 0.31196922063827515
        }
      ],
      "date": "2025-09-16",
      "scores": null
    },
    {
      "title": "A Surrogate model for High Temperature Superconducting Magnets to Predict Current Distribution with Neural Network",
      "authors": "Mianjun Xiao, Peng Song, Yulong Liu, Cedric Korte, Ziyang Xu, Jiale Gao, Jiaqi Lu, Haoyang Nie, Qiantong Deng, Timing Qu",
      "venue/journal": "arXiv",
      "year": 2025,
      "url": "http://arxiv.org/abs/2509.06067v1",
      "categories": [
        {
          "label": "Novel Applications",
          "score": 0.30026954412460327
        },
        {
          "label": "Surrogate Models",
          "score": 1.0
        },
        {
          "label": "Tools & Libraries",
          "score": 1.0
        }
      ],
      "date": "2025-09-07",
      "scores": null
    },
    {
      "title": "Fast, accurate, and precise detector simulation with vision transformers",
      "authors": "Favaro, Luigi, Giammanco, Andrea, Krause, Claudius",
      "venue/journal": "InspireHEP",
      "year": 2025,
      "url": "#",
      "categories": [
        {
          "label": "Tools & Libraries",
          "score": 0.40464967489242554
        },
        {
          "label": "Data Management",
          "score": 0.38319894671440125
        }
      ],
      "date": "2025-09-29",
      "scores": null
    },
    {
      "title": "A machine learning approach to axion-like particle searches in CTAO observations of blazars",
      "authors": "Schiavone, Francesco, Di Venere, Leonardo, Giordano, Francesco",
      "venue/journal": "InspireHEP",
      "year": 2025,
      "url": "#",
      "categories": [
        {
          "label": "Novel Applications",
          "score": 0.41167113184928894
        },
        {
          "label": "Tools & Libraries",
          "score": 0.35803645849227905
        }
      ],
      "date": "2025-09-29",
      "scores": null
    },
    {
      "title": "The promise of artificial intelligence-assisted radiotherapy for prostate cancer in Morocco: a transformational opportunity",
      "authors": "Fadila Kouhen, Meryem Naciri, Hanae El Gouache, Nadia Errafiy, Abdelhak Maghous",
      "venue/journal": "OpenAlex",
      "year": 2025,
      "url": "https://openalex.org/W4414077364",
      "categories": [
        {
          "label": "Others",
          "score": 0.0
        }
      ],
      "date": "2025-09-08",
      "scores": null
    }
  ],
  "stats": {
    "per_year": {
      "2025": 10
    },
    "per_category": {
      "Tools & Libraries": 6,
      "Novel Applications": 5,
      "Reinforcement Learning & Autonomous Systems": 1,
      "Surrogate Models": 2,
      "Statistics & Trends": 1,
      "Others": 2,
      "Data Management": 2
    },
    "per_venue/journal": {
      "arXiv": 7,
      "InspireHEP": 2,
      "OpenAlex": 1
    },
    "per_keyword": {
      "optimization": 1,
      "control": 2,
      "surrogate model": 2,
      "deep learning": 1,
      "beam": 1
    },
    "monthly_trends": {
      "2025-09": 10
    }
  }
}