<?xml version="1.0" encoding="utf-8" standalone="yes"?>
<rss version="2.0" xmlns:atom="http://www.w3.org/2005/Atom">
  <channel>
    <title>The AI/ML for particle accelerators living review</title>
    <link>http://localhost:1313/ml-accel-review/</link>
    <description>Recent content on The AI/ML for particle accelerators living review</description>
    <generator>Hugo</generator>
    <language>en-us</language>
    <lastBuildDate>Wed, 01 Jan 2025 00:00:00 +0000</lastBuildDate>
    <atom:link href="http://localhost:1313/ml-accel-review/index.xml" rel="self" type="application/rss+xml" />
    <item>
      <title>Cite Us</title>
      <link>http://localhost:1313/ml-accel-review/cite-us/</link>
      <pubDate>Wed, 01 Jan 2025 00:00:00 +0000</pubDate>
      <guid>http://localhost:1313/ml-accel-review/cite-us/</guid>
      <description>&lt;div class=&#34;container&#34;&gt;&#xA; &lt;div class=&#34;page-header&#34;&gt;&#xA;&lt;h1&gt;How to Cite This Review&lt;/h1&gt;&#xA;&lt;p class=&#34;page-subtitle&#34;&gt;Help us track the impact of this living review by citing it in your work&lt;/p&gt;&#xA;&lt;/div&gt;&#xA;&lt;div class=&#34;section&#34;&gt;&#xA;&lt;h2&gt;Standard Citation&lt;/h2&gt;&#xA;&lt;span class=&#34;citation-format&#34;&gt;APA Format&lt;/span&gt;&#xA;&lt;div class=&#34;citation-box&#34;&gt;&#xA;&lt;button class=&#34;copy-button&#34; onclick=&#34;copyToClipboard(&#39;citation-apa&#39;, this)&#34;&gt;Copy&lt;/button&gt;&#xA;&lt;pre class=&#34;citation-text&#34; id=&#34;citation-apa&#34;&gt;AI/ML for Particle Accelerators Collaboration. (2025). The AI/ML for particle accelerators living review. Retrieved from https://ml-accel-review.org&lt;/pre&gt;&#xA;&lt;/div&gt;&#xA;&lt;span class=&#34;citation-format&#34;&gt;IEEE Format&lt;/span&gt;&#xA;&lt;div class=&#34;citation-box&#34;&gt;&#xA;&lt;button class=&#34;copy-button&#34; onclick=&#34;copyToClipboard(&#39;citation-ieee&#39;, this)&#34;&gt;Copy&lt;/button&gt;&#xA;&lt;pre class=&#34;citation-text&#34; id=&#34;citation-ieee&#34;&gt;AI/ML for Particle Accelerators Collaboration, &#34;The AI/ML for particle accelerators living review,&#34; 2025. [Online]. Available: https://ml-accel-review.org&lt;/pre&gt;&#xA;&lt;/div&gt;&#xA;&lt;/div&gt;&#xA;&lt;script&gt;&#xA;function copyToClipboard(elementId, button) {&#xA;    const text = document.getElementById(elementId).textContent;&#xA;    navigator.clipboard.writeText(text).then(() =&gt; {&#xA;        button.textContent = &#39;Copied!&#39;;&#xA;        setTimeout(() =&gt; button.textContent = &#39;Copy&#39;, 2000);&#xA;    });&#xA;}&#xA;&lt;/script&gt;</description>
    </item>
    <item>
      <title>Documentation</title>
      <link>http://localhost:1313/ml-accel-review/documentation/</link>
      <pubDate>Wed, 01 Jan 2025 00:00:00 +0000</pubDate>
      <guid>http://localhost:1313/ml-accel-review/documentation/</guid>
      <description>&lt;h1 id=&#34;documentation&#34;&gt;Documentation&lt;/h1&gt;&#xA;&lt;p&gt;Documentation for the AI/ML for Particle Accelerators Living Review.&lt;/p&gt;&#xA;&lt;h2 id=&#34;for-contributors&#34;&gt;For Contributors&lt;/h2&gt;&#xA;&lt;p&gt;[Add documentation content]&lt;/p&gt;&#xA;&lt;h2 id=&#34;external-resources&#34;&gt;External Resources&lt;/h2&gt;&#xA;&lt;p&gt;[You can add external links here later]&lt;/p&gt;</description>
    </item>
    <item>
      <title>Submit a Paper</title>
      <link>http://localhost:1313/ml-accel-review/contribute/</link>
      <pubDate>Wed, 01 Jan 2025 00:00:00 +0000</pubDate>
      <guid>http://localhost:1313/ml-accel-review/contribute/</guid>
      <description>&lt;h1 id=&#34;submit-a-paper&#34;&gt;Submit a Paper&lt;/h1&gt;&#xA;&lt;p&gt;Thank you for your interest in contributing to the AI/ML for Particle Accelerators Living Review.&lt;/p&gt;&#xA;&lt;h2 id=&#34;submission-guidelines&#34;&gt;Submission Guidelines&lt;/h2&gt;&#xA;&lt;p&gt;[Add your submission process here]&lt;/p&gt;&#xA;&lt;h2 id=&#34;contact&#34;&gt;Contact&lt;/h2&gt;&#xA;&lt;p&gt;For questions about submissions, please contact [your contact info]&lt;/p&gt;</description>
    </item>
    <item>
      <title></title>
      <link>http://localhost:1313/ml-accel-review/review/</link>
      <pubDate>Mon, 01 Jan 0001 00:00:00 +0000</pubDate>
      <guid>http://localhost:1313/ml-accel-review/review/</guid>
      <description></description>
    </item>
    <item>
      <title>About</title>
      <link>http://localhost:1313/ml-accel-review/about/</link>
      <pubDate>Mon, 01 Jan 0001 00:00:00 +0000</pubDate>
      <guid>http://localhost:1313/ml-accel-review/about/</guid>
      <description>&lt;p&gt;This site hosts the &lt;strong&gt;Accelerator ML Living Review&lt;/strong&gt;, a continuously updated overview of AI and machine learning applications in particle accelerator physics.&lt;/p&gt;</description>
    </item>
  </channel>
</rss>
