{
  "title": "Example Paper: Deep Learning for Beam Optimization",
  "authors": [
    "Jane Doe",
    "John Smith",
    "Alice Johnson"
  ],
  "abstract": "We present a novel approach using deep learning to optimize beam parameters in particle accelerators. Our method achieves significant improvements in beam quality while reducing operational costs.",
  "doi": "10.1234/example.2025",
  "url": "https://arxiv.org/abs/2510.12345",
  "year": 2025,
  "venue": "Physical Review Accelerators and Beams",
  "source": "manual",
  "status": "pending",
  "submitted_at": "2025-10-01T09:10:00Z",
  "submitter_name": "Jane Doe",
  "submitter_email": "jane.doe@example.com",
  "comments": "This is my recent work, would love to see it included in the review.",
  "categories": [
    "Beam Dynamics & Optimization",
    "Deep Learning"
  ],
  "keywords": [
    "deep learning",
    "beam optimization",
    "neural networks",
    "accelerator physics"
  ],
  "reviewer_notes": ""
}