<?xml version="1.0" encoding="utf-8" standalone="yes"?>
<rss version="2.0" xmlns:atom="http://www.w3.org/2005/Atom">
  <channel>
    <title>The AI/ML for particle accelerators living review</title>
    <link>http://localhost:1313/ml-accel-review/paper/</link>
    <description>Recent content on The AI/ML for particle accelerators living review</description>
    <generator>Hugo</generator>
    <language>en-us</language>
    <atom:link href="http://localhost:1313/ml-accel-review/paper/index.xml" rel="self" type="application/rss+xml" />
  </channel>
</rss>
